{
  "id": "/subscriptions/2dc5b5d5-7862-4964-9d85-13c5e472f4a6/resourceGroups/kf/providers/Microsoft.Resources/deployments/CreateVm-cognosys.openjdk-8-with-centos-7-7-free--20230716034318",
  "name": "CreateVm-cognosys.openjdk-8-with-centos-7-7-free--20230716034318",
  "type": "Microsoft.Resources/deployments",
  "tags": {
    "primaryResourceId": "/subscriptions/2dc5b5d5-7862-4964-9d85-13c5e472f4a6/resourcegroups/kf/providers/Microsoft.Compute/virtualMachines/kafka1",
    "marketplaceItemId": "Microsoft.VirtualMachine-ARM",
    "provisioningHash": "SolutionProvider"
  },
  "properties": {
    "templateHash": "17380744723672286547",
    "parameters": {
      "location": {
        "type": "String",
        "value": "eastus"
      },
      "networkInterfaceName1": {
        "type": "String",
        "value": "kafka1493_z1"
      },
      "networkSecurityGroupName": {
        "type": "String",
        "value": "kafka1-nsg"
      },
      "networkSecurityGroupRules": {
        "type": "Array",
        "value": [
          {
            "name": "ssh",
            "properties": {
              "priority": 1010,
              "protocol": "TCP",
              "access": "Allow",
              "direction": "Inbound",
              "sourceApplicationSecurityGroups": [],
              "destinationApplicationSecurityGroups": [],
              "sourceAddressPrefix": "*",
              "sourcePortRange": "*",
              "destinationAddressPrefix": "*",
              "destinationPortRange": "22"
            }
          }
        ]
      },
      "subnetName": {
        "type": "String",
        "value": "default"
      },
      "virtualNetworkName": {
        "type": "String",
        "value": "kafka1-vnet"
      },
      "addressPrefixes": {
        "type": "Array",
        "value": [
          "10.0.0.0/16"
        ]
      },
      "subnets": {
        "type": "Array",
        "value": [
          {
            "name": "default",
            "properties": {
              "addressPrefix": "10.0.0.0/24"
            }
          }
        ]
      },
      "publicIpAddressName1": {
        "type": "String",
        "value": "kafka1-ip"
      },
      "publicIpAddressType": {
        "type": "String",
        "value": "Static"
      },
      "publicIpAddressSku": {
        "type": "String",
        "value": "Standard"
      },
      "pipDeleteOption": {
        "type": "String",
        "value": "Detach"
      },
      "virtualMachineName": {
        "type": "String",
        "value": "kafka1"
      },
      "virtualMachineName1": {
        "type": "String",
        "value": "kafka1"
      },
      "virtualMachineComputerName1": {
        "type": "String",
        "value": "kafka1"
      },
      "virtualMachineRG": {
        "type": "String",
        "value": "kf"
      },
      "osDiskType": {
        "type": "String",
        "value": "StandardSSD_LRS"
      },
      "osDiskDeleteOption": {
        "type": "String",
        "value": "Delete"
      },
      "virtualMachineSize": {
        "type": "String",
        "value": "Standard_B2ms"
      },
      "nicDeleteOption": {
        "type": "String",
        "value": "Detach"
      },
      "adminUsername": {
        "type": "String",
        "value": "azureuser"
      },
      "adminPublicKey": {
        "type": "SecureString"
      },
      "virtualMachine1Zone": {
        "type": "String",
        "value": "1"
      }
    },
    "mode": "Incremental",
    "debugSetting": {
      "detailLevel": "None"
    },
    "provisioningState": "Succeeded",
    "timestamp": "2023-07-16T10:45:29.2436473Z",
    "duration": "PT1M15.7836182S",
    "correlationId": "996fdab6-e9e9-4732-8570-9ac307f3c7b3",
    "providers": [
      {
        "namespace": "Microsoft.Network",
        "resourceTypes": [
          {
            "resourceType": "networkInterfaces",
            "locations": [
              "eastus"
            ]
          },
          {
            "resourceType": "networkSecurityGroups",
            "locations": [
              "eastus"
            ]
          },
          {
            "resourceType": "virtualNetworks",
            "locations": [
              "eastus"
            ]
          },
          {
            "resourceType": "publicIpAddresses",
            "locations": [
              "eastus"
            ]
          }
        ]
      },
      {
        "namespace": "Microsoft.Compute",
        "resourceTypes": [
          {
            "resourceType": "virtualMachines",
            "locations": [
              "eastus"
            ]
          }
        ]
      }
    ],
    "dependencies": [
      {
        "dependsOn": [
          {
            "id": "/subscriptions/2dc5b5d5-7862-4964-9d85-13c5e472f4a6/resourceGroups/kf/providers/Microsoft.Network/networkSecurityGroups/kafka1-nsg",
            "resourceType": "Microsoft.Network/networkSecurityGroups",
            "resourceName": "kafka1-nsg"
          },
          {
            "id": "/subscriptions/2dc5b5d5-7862-4964-9d85-13c5e472f4a6/resourceGroups/kf/providers/Microsoft.Network/virtualNetworks/kafka1-vnet",
            "resourceType": "Microsoft.Network/virtualNetworks",
            "resourceName": "kafka1-vnet"
          },
          {
            "id": "/subscriptions/2dc5b5d5-7862-4964-9d85-13c5e472f4a6/resourceGroups/kf/providers/Microsoft.Network/publicIpAddresses/kafka1-ip",
            "resourceType": "Microsoft.Network/publicIpAddresses",
            "resourceName": "kafka1-ip"
          }
        ],
        "id": "/subscriptions/2dc5b5d5-7862-4964-9d85-13c5e472f4a6/resourceGroups/kf/providers/Microsoft.Network/networkInterfaces/kafka1493_z1",
        "resourceType": "Microsoft.Network/networkInterfaces",
        "resourceName": "kafka1493_z1"
      },
      {
        "dependsOn": [
          {
            "id": "/subscriptions/2dc5b5d5-7862-4964-9d85-13c5e472f4a6/resourceGroups/kf/providers/Microsoft.Network/networkInterfaces/kafka1493_z1",
            "resourceType": "Microsoft.Network/networkInterfaces",
            "resourceName": "kafka1493_z1"
          }
        ],
        "id": "/subscriptions/2dc5b5d5-7862-4964-9d85-13c5e472f4a6/resourceGroups/kf/providers/Microsoft.Compute/virtualMachines/kafka1",
        "resourceType": "Microsoft.Compute/virtualMachines",
        "resourceName": "kafka1"
      }
    ],
    "outputs": {
      "adminUsername": {
        "type": "String",
        "value": "azureuser"
      }
    },
    "outputResources": [
      {
        "id": "/subscriptions/2dc5b5d5-7862-4964-9d85-13c5e472f4a6/resourceGroups/kf/providers/Microsoft.Compute/virtualMachines/kafka1"
      },
      {
        "id": "/subscriptions/2dc5b5d5-7862-4964-9d85-13c5e472f4a6/resourceGroups/kf/providers/Microsoft.Network/networkInterfaces/kafka1493_z1"
      },
      {
        "id": "/subscriptions/2dc5b5d5-7862-4964-9d85-13c5e472f4a6/resourceGroups/kf/providers/Microsoft.Network/networkSecurityGroups/kafka1-nsg"
      },
      {
        "id": "/subscriptions/2dc5b5d5-7862-4964-9d85-13c5e472f4a6/resourceGroups/kf/providers/Microsoft.Network/publicIpAddresses/kafka1-ip"
      },
      {
        "id": "/subscriptions/2dc5b5d5-7862-4964-9d85-13c5e472f4a6/resourceGroups/kf/providers/Microsoft.Network/virtualNetworks/kafka1-vnet"
      }
    ],
    "validationLevel": "Template"
  }
}