[
  {
    "id": "/subscriptions/2dc5b5d5-7862-4964-9d85-13c5e472f4a6/resourceGroups/kf/providers/Microsoft.Resources/deployments/CreateVm-cognosys.openjdk-8-with-centos-7-7-free--20230716034318/operations/9898EFE058B03D2D",
    "operationId": "9898EFE058B03D2D",
    "properties": {
      "provisioningOperation": "Create",
      "provisioningState": "Succeeded",
      "timestamp": "2023-07-16T10:45:28.9322812Z",
      "duration": "PT59.5330958S",
      "trackingId": "45371ff9-f4d2-4898-a0a5-36d1f3ecf1c5",
      "statusCode": "OK",
      "targetResource": {
        "id": "/subscriptions/2dc5b5d5-7862-4964-9d85-13c5e472f4a6/resourceGroups/kf/providers/Microsoft.Compute/virtualMachines/kafka1",
        "resourceType": "Microsoft.Compute/virtualMachines",
        "resourceName": "kafka1"
      }
    }
  },
  {
    "id": "/subscriptions/2dc5b5d5-7862-4964-9d85-13c5e472f4a6/resourceGroups/kf/providers/Microsoft.Resources/deployments/CreateVm-cognosys.openjdk-8-with-centos-7-7-free--20230716034318/operations/5B1AD25E08B839BF",
    "operationId": "5B1AD25E08B839BF",
    "properties": {
      "provisioningOperation": "Create",
      "provisioningState": "Succeeded",
      "timestamp": "2023-07-16T10:44:36.3223972Z",
      "duration": "PT6.9232118S",
      "trackingId": "06c7fff9-e87e-411f-b936-43b24ea57fb3",
      "statusCode": "Created",
      "targetResource": {
        "id": "/subscriptions/2dc5b5d5-7862-4964-9d85-13c5e472f4a6/resourceGroups/kf/providers/Microsoft.Network/networkInterfaces/kafka1493_z1",
        "resourceType": "Microsoft.Network/networkInterfaces",
        "resourceName": "kafka1493_z1"
      }
    }
  },
  {
    "id": "/subscriptions/2dc5b5d5-7862-4964-9d85-13c5e472f4a6/resourceGroups/kf/providers/Microsoft.Resources/deployments/CreateVm-cognosys.openjdk-8-with-centos-7-7-free--20230716034318/operations/732BF29C2A1B8D38",
    "operationId": "732BF29C2A1B8D38",
    "properties": {
      "provisioningOperation": "Create",
      "provisioningState": "Succeeded",
      "timestamp": "2023-07-16T10:44:28.2992239Z",
      "duration": "PT12.9471854S",
      "trackingId": "e96159d5-cd1c-4fea-87f6-07b37cf56548",
      "statusCode": "OK",
      "targetResource": {
        "id": "/subscriptions/2dc5b5d5-7862-4964-9d85-13c5e472f4a6/resourceGroups/kf/providers/Microsoft.Network/virtualNetworks/kafka1-vnet",
        "resourceType": "Microsoft.Network/virtualNetworks",
        "resourceName": "kafka1-vnet"
      }
    }
  },
  {
    "id": "/subscriptions/2dc5b5d5-7862-4964-9d85-13c5e472f4a6/resourceGroups/kf/providers/Microsoft.Resources/deployments/CreateVm-cognosys.openjdk-8-with-centos-7-7-free--20230716034318/operations/BED73F982FF47657",
    "operationId": "BED73F982FF47657",
    "properties": {
      "provisioningOperation": "Create",
      "provisioningState": "Succeeded",
      "timestamp": "2023-07-16T10:44:29.3550591Z",
      "duration": "PT14.0030206S",
      "trackingId": "3ed9dd98-cb3e-482f-ae03-ca489f279036",
      "statusCode": "OK",
      "targetResource": {
        "id": "/subscriptions/2dc5b5d5-7862-4964-9d85-13c5e472f4a6/resourceGroups/kf/providers/Microsoft.Network/networkSecurityGroups/kafka1-nsg",
        "resourceType": "Microsoft.Network/networkSecurityGroups",
        "resourceName": "kafka1-nsg"
      }
    }
  },
  {
    "id": "/subscriptions/2dc5b5d5-7862-4964-9d85-13c5e472f4a6/resourceGroups/kf/providers/Microsoft.Resources/deployments/CreateVm-cognosys.openjdk-8-with-centos-7-7-free--20230716034318/operations/C7B6EC9DEDDB3BA0",
    "operationId": "C7B6EC9DEDDB3BA0",
    "properties": {
      "provisioningOperation": "Create",
      "provisioningState": "Succeeded",
      "timestamp": "2023-07-16T10:44:28.6086559Z",
      "duration": "PT13.2566174S",
      "trackingId": "2e749b10-cc2e-4abd-b73d-83435bb5f920",
      "statusCode": "OK",
      "targetResource": {
        "id": "/subscriptions/2dc5b5d5-7862-4964-9d85-13c5e472f4a6/resourceGroups/kf/providers/Microsoft.Network/publicIpAddresses/kafka1-ip",
        "resourceType": "Microsoft.Network/publicIpAddresses",
        "resourceName": "kafka1-ip"
      }
    }
  },
  {
    "id": "/subscriptions/2dc5b5d5-7862-4964-9d85-13c5e472f4a6/resourceGroups/kf/providers/Microsoft.Resources/deployments/CreateVm-cognosys.openjdk-8-with-centos-7-7-free--20230716034318/operations/08585121026359826218",
    "operationId": "08585121026359826218",
    "properties": {
      "provisioningOperation": "EvaluateDeploymentOutput",
      "provisioningState": "Succeeded",
      "timestamp": "2023-07-16T10:45:29.1938595Z",
      "duration": "PT59.7946741S",
      "trackingId": "42133938-b41b-49b0-8e0a-c39d5864f1d7",
      "statusCode": "OK"
    }
  }
]